S_LeadNumber2,123,300100176763002,S_LeadName2,28,RWS,CA,USA,ORG_CONTACT,CONTACT,999997826070651,USD,55
S_LeadNumber14036,123,300100176735708,S_LeadName14036,4,RWS,CA,USA,ORG_CONTACT,CONTACT,999997826071065,USD,45
S_LeadNumber14512,123,300100176735708,S_LeadName14512,40,RWS,CA,USA,ORG_CONTACT,CONTACT,999997826071065,USD,90
S_LeadNumber15362,123,300100176735708,S_LeadName15362,72,RWS,CA,USA,ORG_CONTACT,CONTACT,109876540066002,USD,71
S_LeadNumber17263,123,300100176735708,S_LeadName17263,13,RWS,CA,USA,ORG_CONTACT,CONTACT,109876540066002,USD,96
S_LeadNumber19963,123,300100176735708,S_LeadName19963,24,RWS,CA,USA,ORG_CONTACT,CONTACT,109876540066002,USD,86
S_LeadNumber22963,123,300100176735708,S_LeadName22963,53,RWS,CA,USA,ORG_CONTACT,CONTACT,109876540066002,USD,2
S_LeadNumber31413,123,300100176735708,S_LeadName31413,79,RWS,CA,USA,ORG_CONTACT,CONTACT,109876540066002,USD,10
S_LeadNumber32788,123,300100176735708,S_LeadName32788,1,RWS,CA,USA,ORG_CONTACT,CONTACT,109876540066002,USD,99
S_LeadNumber34313,123,300100176735708,S_LeadName34313,74,RWS,CA,USA,ORG_CONTACT,CONTACT,109876540066002,USD,67
S_LeadNumber35763,123,300100176735708,S_LeadName35763,39,RWS,CA,USA,ORG_CONTACT,CONTACT,109876540066002,USD,47
S_LeadNumber37689,123,300100176735708,S_LeadName37689,81,RWS,CA,USA,ORG_CONTACT,CONTACT,109876540066002,USD,47
S_LeadNumber40139,123,300100176735708,S_LeadName40139,17,RWS,CA,USA,ORG_CONTACT,CONTACT,109876540066002,USD,69
S_LeadNumber42239,123,300100176735708,S_LeadName42239,99,RWS,CA,USA,ORG_CONTACT,CONTACT,109876540066002,USD,31
S_LeadNumber49589,123,300100176735708,S_LeadName49589,64,RWS,CA,USA,ORG_CONTACT,CONTACT,109876540066002,USD,44
S_LeadNumber49998,123,300100176735708,S_LeadName49998,76,RWS,CA,USA,ORG_CONTACT,CONTACT,109876540066002,USD,90
