S_LeadNumber14014,300100188392205,123,S_LeadName14014,13,RWS,CA,USA,ORG_CONTACT,CONTACT,999997826071065,USD,37
S_LeadNumber14937,300100188392205,123,S_LeadName14937,58,RWS,CA,USA,ORG_CONTACT,CONTACT,109876540066002,USD,5
S_LeadNumber16263,300100188392205,123,S_LeadName16263,35,RWS,CA,USA,ORG_CONTACT,CONTACT,109876540066002,USD,49
S_LeadNumber18838,300100188392205,123,S_LeadName18838,17,RWS,CA,USA,ORG_CONTACT,CONTACT,109876540066002,USD,88
S_LeadNumber21463,300100188392205,123,S_LeadName21463,55,RWS,CA,USA,ORG_CONTACT,CONTACT,109876540066002,USD,27
S_LeadNumber25463,300100188392205,123,S_LeadName25463,64,RWS,CA,USA,ORG_CONTACT,CONTACT,109876540066002,USD,77
S_LeadNumber28038,300100188392205,123,S_LeadName28038,74,RWS,CA,USA,ORG_CONTACT,CONTACT,109876540066002,USD,90
S_LeadNumber29313,300100188392205,123,S_LeadName29313,50,RWS,CA,USA,ORG_CONTACT,CONTACT,109876540066002,USD,30
S_LeadNumber44164,300100188392205,123,S_LeadName44164,26,RWS,CA,USA,ORG_CONTACT,CONTACT,109876540066002,USD,98
S_LeadNumber45889,300100188392205,123,S_LeadName45889,77,RWS,CA,USA,ORG_CONTACT,CONTACT,109876540066002,USD,56
S_LeadNumber47564,300100188392205,123,S_LeadName47564,32,RWS,CA,USA,ORG_CONTACT,CONTACT,109876540066002,USD,30
S_LeadNumber49999,300100188392205,123,S_LeadName49999,44,RWS,CA,USA,ORG_CONTACT,CONTACT,109876540066002,USD,30
